City_ID,City,Lat,Lng,Max Temp,Humidity,Cloudiness,Wind Speed,Country,Date
0,chokurdakh,70.6333,147.9167,-14.03,96,100,3.33,RU,1700009420
1,saint-philippe,-21.3585,55.7679,22.77,84,41,4.01,RE,1700009420
2,busselton,-33.65,115.3333,20.6,56,42,7.44,AU,1700009421
3,qaanaaq,77.484,-69.3632,-20.78,53,11,3.98,GL,1700009422
4,tuktoyaktuk,69.4541,-133.0374,-11.0,92,20,3.09,CA,1700009423
5,burnie,-41.0667,145.9167,18.03,54,53,3.25,AU,1700009423
6,albany,42.6001,-73.9662,4.65,72,100,1.34,US,1700009214
7,cape town,-33.9258,18.4232,21.32,64,0,1.54,ZA,1700009424
8,oume,35.7839,139.2431,11.57,65,100,1.54,JP,1700009425
9,georgetown,5.4112,100.3354,28.86,89,20,1.54,MY,1700009426
10,faanui,-16.4833,-151.75,26.8,80,100,7.18,PF,1700009426
11,airai,-8.9266,125.4092,26.04,40,4,0.7,TL,1700009427
12,shymkent,42.3,69.6,3.33,56,30,5.0,KZ,1700009428
13,yeppoon,-23.1333,150.7333,30.88,51,0,5.19,AU,1700009429
14,hasaki,35.7333,140.8333,15.22,74,9,7.05,JP,1700009430
15,mataura,-46.1927,168.8643,10.27,55,100,4.26,NZ,1700009430
16,ushuaia,-54.8,-68.3,3.81,75,75,11.18,AR,1700009431
17,new norfolk,-42.7826,147.0587,17.62,26,20,1.97,AU,1700009432
18,puerto ayora,-0.7393,-90.3518,24.19,97,17,0.89,EC,1700009433
19,milkovo,54.7167,158.6167,-8.51,87,100,0.51,RU,1700009435
20,bengkulu,-3.8004,102.2655,25.18,90,95,0.57,ID,1700009436
21,punta arenas,-53.15,-70.9167,5.06,65,0,7.72,CL,1700009436
22,vestmannaeyjar,63.4427,-20.2734,6.53,79,64,13.32,IS,1700009437
23,ponta do sol,32.6667,-17.1,21.35,70,0,1.54,PT,1700009438
24,hithadhoo,-0.6,73.0833,27.44,79,100,5.39,MV,1700009438
25,la ronge,55.1001,-105.2842,-1.86,80,20,3.6,CA,1700009439
26,castro,-24.7911,-50.0119,19.19,96,77,2.47,BR,1700009439
27,souillac,-20.5167,57.5167,23.21,100,40,1.54,MU,1700009441
28,hofn,64.2539,-15.2082,3.09,96,100,5.67,IS,1700009441
29,malanje,-9.5402,16.341,16.67,97,100,0.54,AO,1700009442
30,vaini,-21.2,-175.2,25.09,100,100,7.72,TO,1700009442
31,zhuanghe,39.7008,122.9911,6.23,68,6,0.97,CN,1700009443
32,nchelenge,-9.3451,28.734,21.07,87,100,1.89,ZM,1700009444
33,san vicente,-26.6167,-54.1333,16.59,99,100,1.18,AR,1700009445
34,barrow,71.2906,-156.7887,-3.99,68,100,12.35,US,1700008941
35,shebunino,46.4339,141.8603,1.94,55,66,2.77,RU,1700009446
36,dikson,73.5069,80.5464,-13.61,95,100,9.41,RU,1700009446
37,carmen,18.6333,-91.8333,25.9,86,7,5.94,MX,1700009378
38,howard springs,-12.497,131.047,31.04,69,25,1.82,AU,1700009447
39,bluff,-46.6,168.3333,10.45,71,98,10.51,NZ,1700009448
40,hobart,-42.8794,147.3294,17.81,50,40,4.12,AU,1700009227
41,sao joao da barra,-21.6403,-41.0511,26.05,84,8,9.42,BR,1700009449
42,yamada,39.4667,141.95,10.24,60,100,0.89,JP,1700009449
43,saint-denis,48.9167,2.3333,11.53,86,20,4.63,FR,1700009450
44,avarua,-21.2078,-159.775,23.03,68,100,4.63,CK,1700009450
45,ribeira grande,38.5167,-28.7,20.26,92,100,10.4,PT,1700009451
46,tamiahua,21.2667,-97.45,20.4,84,100,3.67,MX,1700009452
47,rognan,67.0953,15.3878,-4.41,82,4,3.04,NO,1700009452
48,touros,-5.1989,-35.4608,26.56,81,100,6.22,BR,1700009453
49,severo-kurilsk,50.6789,156.125,2.0,58,95,9.65,RU,1700009454
50,kapaa,22.0752,-159.319,29.99,73,75,10.29,US,1700009455
51,iqaluit,63.7506,-68.5145,-7.15,63,75,3.09,CA,1700009455
52,vostok,46.4856,135.8833,-4.58,70,75,1.18,RU,1700009456
53,bethel,41.3712,-73.414,7.05,66,75,1.54,US,1700009456
54,rikitea,-23.1203,-134.9692,24.33,86,100,8.36,PF,1700009457
55,klaksvik,62.2266,-6.589,5.51,69,100,8.35,FO,1700009458
56,lavrentiya,65.5833,-171.0,-7.24,87,100,9.52,RU,1700009458
57,mahibadhoo,3.7833,72.9667,26.98,78,20,1.16,MV,1700009459
58,mar del plata,-38.0023,-57.5575,13.3,78,20,5.14,AR,1700009459
59,katsuura,35.1333,140.3,14.63,79,37,5.59,JP,1700009460
60,bredasdorp,-34.5322,20.0403,14.33,91,12,2.46,ZA,1700009461
61,lebu,-37.6167,-73.65,9.06,67,12,5.96,CL,1700009461
62,ancud,-41.8697,-73.8203,7.96,76,100,5.04,CL,1700009462
63,brae,60.3964,-1.353,7.32,72,99,5.17,GB,1700009463
64,ilulissat,69.2167,-51.1,-5.99,68,75,2.06,GL,1700009464
65,coihaique,-45.5752,-72.0662,5.34,81,100,2.06,CL,1700009276
66,port lincoln,-34.7333,135.8667,17.63,64,8,4.98,AU,1700009465
67,mahon,39.8885,4.2658,17.31,82,0,3.09,ES,1700009466
68,alice springs,-23.7,133.8833,36.75,14,17,4.12,AU,1700009467
69,prince george,53.9166,-122.753,1.81,89,100,1.54,CA,1700009467
70,upernavik,72.7868,-56.1549,-18.36,62,0,3.33,GL,1700009468
71,hualmay,-11.0964,-77.6139,19.61,82,99,4.65,PE,1700009469
72,nikolskoye,59.7035,30.7861,1.08,98,97,1.27,RU,1700009470
73,alyangula,-13.8483,136.4192,28.22,64,9,3.3,AU,1700009471
74,bubaque,11.2833,-15.8333,28.5,71,61,5.37,GW,1700009471
75,bilma,18.6853,12.9164,21.85,17,0,3.08,NE,1700009472
76,sao filipe,14.8961,-24.4956,26.47,66,100,3.05,CV,1700009473
77,berlevag,70.8578,29.0864,1.97,75,100,12.35,NO,1700009473
78,rio gallegos,-51.6226,-69.2181,6.03,56,40,10.29,AR,1700009474
79,shizunai,42.3339,142.3669,5.58,53,1,1.97,JP,1700009475
80,port loko,8.7667,-12.7833,27.82,94,0,0.49,SL,1700009475
81,lompoc,34.6391,-120.4579,18.94,64,0,3.6,US,1700009367
82,three hills,51.7001,-113.2686,1.66,47,100,3.6,CA,1700009476
83,rawson,-43.3002,-65.1023,14.75,28,83,5.06,AR,1700009477
84,yellowknife,62.456,-114.3525,-7.55,99,100,4.47,CA,1700009478
85,goundam,16.4145,-3.6708,25.12,13,0,3.16,ML,1700009478
86,opuwo,-18.0607,13.84,24.88,34,99,0.91,NA,1700009479
87,port alfred,-33.5906,26.891,15.1,83,14,1.34,ZA,1700009480
88,arraial do cabo,-22.9661,-42.0278,25.98,89,75,4.63,BR,1700009429
89,cheney,47.4874,-117.5758,2.92,74,100,2.06,US,1700009481
90,bambous virieux,-20.3428,57.7575,23.14,100,40,1.54,MU,1700009482
91,boa vista,2.8197,-60.6733,30.99,51,20,3.09,BR,1700009482
92,thompson,55.7435,-97.8558,0.09,93,100,7.2,CA,1700009483
93,provideniya,64.3833,-173.3,-4.8,86,100,7.0,RU,1700009483
94,henties bay,-22.116,14.2845,17.1,85,59,0.73,NA,1700009484
95,port-gentil,-0.7193,8.7815,26.81,77,100,5.38,GA,1700009485
96,harper,4.375,-7.7169,25.65,88,63,2.47,LR,1700009486
97,salta,-24.7859,-65.4117,21.33,66,40,4.63,AR,1700009245
98,butaritari,3.0707,172.7902,28.26,76,100,6.37,KI,1700009487
99,sakaiminato,35.55,133.2333,11.96,87,40,2.57,JP,1700009487
100,samarai,-10.6167,150.6667,26.32,77,56,4.99,PG,1700009488
101,yulara,-25.2406,130.9889,32.99,25,66,7.09,AU,1700009489
102,kruisfontein,-34.0033,24.7314,11.56,89,100,2.93,ZA,1700009490
103,yumen,40.2833,97.2,-2.66,88,33,9.5,CN,1700009490
104,redcar,54.6166,-1.06,10.19,90,100,1.79,GB,1700009491
105,mana,5.6592,-53.7767,26.35,88,13,3.39,GF,1700009492
106,kelowna,49.8831,-119.4857,5.98,59,0,2.57,CA,1700009350
107,san francisco,37.7749,-122.4194,20.78,64,100,3.13,US,1700009455
108,hilo,19.7297,-155.09,26.27,85,100,6.69,US,1700009211
109,nouadhibou,20.931,-17.0347,26.99,24,30,4.12,MR,1700009494
110,esperance,-33.8667,121.9,16.27,77,100,8.07,AU,1700009495
111,svetlogorsk,52.6333,29.7333,3.2,96,100,1.16,BY,1700009496
112,hami,42.8,93.45,-1.16,49,0,3.03,CN,1700009496
113,jamestown,42.097,-79.2353,3.8,83,0,2.57,US,1700009286
114,kajaani,64.2273,27.7285,-4.97,74,100,3.6,FI,1700009455
115,victoria,22.2855,114.1577,22.36,76,42,3.58,HK,1700009428
116,batagay-alyta,67.8006,130.4114,-13.28,87,100,0.86,RU,1700009499
117,kalugumalai,9.15,77.7167,24.3,88,100,0.87,IN,1700009455
118,korsakov,46.6328,142.7813,-0.09,48,54,1.54,RU,1700009500
119,iberia,29.9502,-91.7507,16.04,88,100,4.63,US,1700009501
120,cayenne,4.9333,-52.3333,26.02,94,20,1.03,GF,1700009501
121,vrangel,42.7297,133.0839,3.32,44,2,2.21,RU,1700009502
122,san jose,37.3394,-121.895,21.05,56,0,2.57,US,1700009400
123,new iberia,30.0035,-91.8187,16.04,88,100,4.63,US,1700009457
124,makakilo city,21.3469,-158.0858,28.18,56,0,9.26,US,1700009504
125,sakakah,29.9697,40.2064,16.76,68,33,2.89,SA,1700009505
126,ljungby,56.8332,13.9408,2.23,85,100,4.33,SE,1700009506
127,tatvan,38.5067,42.2817,8.41,89,100,1.48,TR,1700009507
128,luoyang,34.6836,112.4536,9.76,50,100,1.66,CN,1700009507
129,cherskiy,68.75,161.3,-20.77,94,100,4.31,RU,1700009508
130,east london,-33.0153,27.9116,16.53,74,14,7.9,ZA,1700009509
131,ligayan,4.6533,119.4706,28.7,73,11,0.75,PH,1700009511
132,gaoua,10.2992,-3.2508,23.66,23,1,0.97,BF,1700009511
133,hermanus,-34.4187,19.2345,17.69,69,7,4.93,ZA,1700009512
134,broken hill,-31.95,141.4333,24.28,32,100,2.01,AU,1700009512
135,fare,-16.7,-151.0167,26.76,80,100,6.73,PF,1700009513
136,ostrovnoy,68.0531,39.5131,-2.91,83,100,3.47,RU,1700009514
137,methoni,36.8197,21.7049,16.23,75,87,6.09,GR,1700009515
138,tasiilaq,65.6145,-37.6368,0.09,94,100,11.92,GL,1700009515
139,cabo san lucas,22.8909,-109.9124,29.23,70,75,2.06,MX,1700009146
140,nome,64.5011,-165.4064,-2.96,80,100,4.63,US,1700009516
141,zhezkazgan,47.8043,67.7144,-3.01,93,20,7.0,KZ,1700009518
142,pisco,-13.7,-76.2167,19.45,82,0,8.75,PE,1700009518
143,necochea,-38.5473,-58.7368,9.59,69,91,4.3,AR,1700009519
144,mehamn,71.0357,27.8492,1.95,86,100,10.8,NO,1700009520
145,saskylakh,71.9167,114.0833,-9.9,87,100,7.89,RU,1700009520
146,lagoa,39.05,-27.9833,19.78,86,100,9.62,PT,1700009521
147,vryburg,-26.9566,24.7284,18.99,60,4,6.36,ZA,1700009521
148,channel-port aux basques,47.5702,-59.1367,1.55,72,100,3.81,CA,1700009522
149,kyren,51.6828,102.1408,-8.92,94,92,0.89,RU,1700009523
150,nowy tomysl,52.3195,16.1284,10.14,90,99,5.06,PL,1700009333
151,erzin,36.9559,36.2,17.21,74,0,1.84,TR,1700009526
152,atuona,-9.8,-139.0333,26.71,73,7,5.15,PF,1700009527
153,muros,42.7762,-9.0603,15.05,95,98,1.95,ES,1700009528
154,norman wells,65.282,-126.8329,-8.98,92,100,4.12,CA,1700009529
155,bambanglipuro,-7.95,110.2833,26.9,82,96,4.62,ID,1700009530
156,saint george,37.1041,-113.5841,22.33,26,0,2.06,US,1700009531
157,krasnoselkup,65.7,82.4667,-6.57,95,100,8.24,RU,1700009531
158,paamiut,61.994,-49.6678,-4.6,81,15,6.65,GL,1700009532
159,kampot,10.6167,104.1833,28.03,86,17,4.19,KH,1700009532
160,brooks,50.5834,-111.8851,2.99,35,84,2.06,CA,1700009406
161,ossora,59.2353,163.0719,-12.81,81,37,3.69,RU,1700009534
162,puerto ayacucho,5.6639,-67.6236,26.5,83,100,1.36,VE,1700009534
163,aldan,58.6031,125.3894,-6.56,92,99,3.24,RU,1700009535
164,plyussa,58.4308,29.3654,-1.78,94,22,1.35,RU,1700009536
165,beringovskiy,63.05,179.3167,-15.5,85,100,7.38,RU,1700009537
166,altayskoye,51.9533,85.3325,-1.25,84,78,2.54,RU,1700009538
167,faya,18.3851,42.4509,15.06,76,72,2.24,SA,1700009539
168,itanhaem,-24.1831,-46.7889,24.16,97,100,1.63,BR,1700009539
169,sechura,-5.5569,-80.8222,21.77,75,100,8.1,PE,1700009540
170,whitecourt,54.1502,-115.6855,2.58,38,40,2.57,CA,1700009541
171,tiksi,71.6872,128.8694,-17.49,88,49,6.21,RU,1700009541
172,sangueya,10.7,-14.3667,23.4,95,6,1.09,GN,1700009542
173,gat,31.61,34.7642,19.11,71,47,1.49,IL,1700009544
174,ondjiva,-17.0667,15.7333,24.47,46,100,3.15,AO,1700009544
175,tomatlan,19.9333,-105.25,26.33,83,5,1.11,MX,1700009545
176,tautira,-17.7333,-149.15,25.51,85,100,7.31,PF,1700009545
177,huron,41.1501,-82.5499,8.18,63,1,3.12,US,1700009546
178,xinqing,48.2333,129.5,-4.51,85,100,1.43,CN,1700009547
179,lazaro cardenas,17.9583,-102.2,26.91,82,7,1.97,MX,1700009426
180,okha,53.5739,142.9478,-4.51,85,100,4.96,RU,1700009548
181,pangnirtung,66.1451,-65.7125,-13.94,57,100,3.13,CA,1700009549
182,ferrol,43.4832,-8.2369,15.93,95,99,1.47,ES,1700009550
183,noumea,-22.2763,166.4572,27.22,99,1,7.5,NC,1700008758
184,lethem,3.3803,-59.7968,29.7,44,6,3.29,GY,1700009551
185,wad madani,14.4012,33.5199,29.17,30,25,3.8,SD,1700009552
186,winneba,5.3511,-0.6231,26.17,87,11,2.14,GH,1700009552
187,verkhozim,52.7122,45.418,1.4,87,100,2.58,RU,1700009553
188,gold coast,-28.0,153.4333,31.54,64,7,7.72,AU,1700009554
189,dingle,10.9995,122.6711,28.51,79,68,5.7,PH,1700009554
190,khatanga,71.9667,102.5,-11.21,87,100,9.83,RU,1700009555
191,clyde river,70.4692,-68.5914,-14.87,92,75,3.09,CA,1700009450
192,port townsend,48.117,-122.7605,6.98,84,0,0.89,US,1700009556
193,oxford,51.7522,-1.256,9.08,94,0,4.12,GB,1700009307
194,araouane,18.9048,-3.5265,23.31,14,0,4.23,ML,1700009557
195,bara,10.3744,10.7288,27.87,23,100,4.02,NG,1700009558
196,axim,4.8699,-2.2405,25.99,87,10,2.07,GH,1700009559
197,richards bay,-28.783,32.0377,17.55,70,99,2.52,ZA,1700009559
198,juneau,58.3019,-134.4197,1.0,95,100,0.0,US,1700009326
199,grand-santi,4.25,-54.3833,25.7,77,5,1.41,GF,1700009561
200,port elizabeth,-33.918,25.5701,15.73,88,17,2.68,ZA,1700009562
201,somerset east,-32.7217,25.588,13.78,68,10,1.71,ZA,1700009563
202,allanridge,-27.7543,26.6438,13.67,87,0,4.47,ZA,1700009564
203,kulhudhuffushi,6.6221,73.07,27.67,77,13,2.49,MV,1700009565
204,angoche,-16.2325,39.9086,24.57,73,24,7.0,MZ,1700009565
205,normandin,48.8333,-72.5321,-0.83,86,100,0.0,CA,1700009566
206,kodiak,57.79,-152.4072,3.73,70,0,0.0,US,1700009374
207,sandwick,60.0,-1.25,8.36,69,100,6.37,GB,1700009567
208,monopoli,40.9559,17.2896,19.53,76,42,3.89,IT,1700009567
209,fortuna,40.5982,-124.1573,15.92,92,75,7.72,US,1700009568
210,fauske,67.2588,15.3918,-4.47,78,3,2.65,NO,1700009568
211,matara,5.9485,80.5353,25.31,91,100,1.96,LK,1700009569
212,strezhevoy,60.7333,77.5889,1.65,99,100,7.15,RU,1700009570
213,gornopravdinsk,60.05,69.9,2.19,98,100,4.38,RU,1700009570
214,pacific grove,36.6177,-121.9166,19.09,69,100,5.36,US,1700009570
215,dubai,25.2582,55.3047,25.96,31,0,3.09,AE,1700009125
216,road town,18.4167,-64.6167,28.02,74,40,4.63,VG,1700009571
217,longyearbyen,78.2186,15.6401,-12.09,72,75,4.12,SJ,1700009572
218,xai-xai,-25.0519,33.6442,19.59,65,39,3.27,MZ,1700009573
219,san patricio,28.017,-97.5169,20.97,71,0,3.21,US,1700009573
220,saint-pierre,-21.3393,55.4781,22.82,78,75,1.03,RE,1700009573
221,zhigansk,66.7697,123.3711,-14.85,95,100,6.02,RU,1700009574
222,carnarvon,-24.8667,113.6333,23.0,62,95,3.51,AU,1700009574
223,vila,42.0304,-8.1588,12.06,100,100,0.98,PT,1700009575
224,lashio,22.9333,97.75,17.49,97,100,0.18,MM,1700009575
225,mahebourg,-20.4081,57.7,23.16,100,40,1.54,MU,1700009576
226,flinders,-34.5833,150.8552,23.54,73,98,3.33,AU,1700009576
227,dunedin,-45.8742,170.5036,14.33,68,99,1.79,NZ,1700009577
228,gasa,31.5,34.4667,21.54,58,50,3.2,PS,1700009577
229,itiuba,-10.6917,-39.8536,25.36,53,1,3.74,BR,1700009578
230,caravelas,-17.7125,-39.2481,24.96,76,0,4.84,BR,1700009578
231,santa lucia,27.9117,-15.5407,24.31,31,0,3.09,ES,1700009579
232,jati,24.3539,68.2671,20.93,29,35,3.91,PK,1700009579
233,saint pete beach,27.7253,-82.7412,22.33,86,100,7.72,US,1700009580
234,abbeville,50.1,1.8333,12.98,89,43,6.63,FR,1700009310
235,mehran,33.1222,46.1646,23.53,29,100,2.38,IR,1700009581
236,honiara,-9.4333,159.95,27.77,74,100,1.25,SB,1700009582
237,kieta,-6.2167,155.6333,29.4,67,100,1.8,PG,1700009582
238,hirtshals,57.5881,9.9592,3.89,88,100,7.26,DK,1700009583
239,estelle,29.8458,-90.1067,18.0,87,100,5.14,US,1700009584
240,aklavik,68.2191,-135.0107,-16.0,92,40,1.54,CA,1700009585
241,buin,-33.7333,-70.75,17.08,50,0,0.88,CL,1700009585
242,haines junction,60.7522,-137.5108,-6.03,86,100,1.54,CA,1700009586
243,saint-prosper,46.2117,-70.4811,-0.84,91,97,2.23,CA,1700009586
244,samdari,25.8167,72.5833,18.64,43,0,3.65,IN,1700009587
245,kavaratti,10.5669,72.642,28.09,67,100,3.23,IN,1700009587
246,talnakh,69.4865,88.3972,-12.66,87,100,5.89,RU,1700009589
247,manggar,-2.8833,108.2667,28.54,72,100,0.57,ID,1700009589
248,porto velho,-8.7619,-63.9039,26.03,89,40,2.06,BR,1700009536
249,montgomery,39.1501,-77.1997,8.69,69,0,0.0,US,1700009563
250,dauphin,51.1494,-100.0502,4.08,60,0,12.35,CA,1700009593
251,teahupoo,-17.8333,-149.2667,24.98,86,100,7.19,PF,1700009593
252,srednekolymsk,67.45,153.6833,-22.77,91,100,3.24,RU,1700009594
253,dubbo,-32.25,148.6167,29.07,26,17,4.63,AU,1700009595
254,beitbridge,-22.2167,30.0,17.19,79,100,9.49,ZW,1700009595
255,codrington,-38.2667,141.9667,15.79,60,100,4.7,AU,1700009596
256,kaitangata,-46.2817,169.8464,13.25,47,95,5.38,NZ,1700009597
257,san quintin,30.4833,-115.95,18.51,61,99,2.05,MX,1700009598
258,lokosovo,61.1333,74.8167,2.27,97,100,6.19,RU,1700009598
259,ocos,14.5094,-92.1933,26.96,85,100,4.58,GT,1700009599
260,roebourne,-20.7833,117.1333,29.71,30,0,5.85,AU,1700009600
261,beoumi,7.6736,-5.5764,23.87,85,12,1.87,CI,1700009600
262,maiduguri,11.8464,13.1603,28.36,30,100,4.05,NG,1700009601
263,xining,36.6167,101.7667,1.81,38,6,5.78,CN,1700009601
264,pemangkat,1.1667,108.9667,27.86,79,99,1.81,ID,1700009602
265,husavik,66.0449,-17.3389,-1.34,85,31,5.55,IS,1700009602
266,new glasgow,45.5834,-62.6486,3.88,88,100,3.8,CA,1700009603
267,celestun,20.8667,-90.4,25.4,89,6,3.88,MX,1700009604
268,biak,-0.9131,122.8766,29.0,68,62,0.88,ID,1700009605
269,eyemouth,55.8713,-2.0901,7.91,93,100,3.2,GB,1700009605
270,praia da vitoria,38.7333,-27.0667,21.14,94,40,10.27,PT,1700009606
271,namibe,-15.1961,12.1522,23.27,73,100,1.54,AO,1700009606
272,tikhvin,59.6451,33.5294,-0.99,94,92,1.25,RU,1700009607
273,omboue,-1.5746,9.2618,25.84,79,99,2.8,GA,1700009608
274,frunzivka,47.3333,29.75,8.45,82,100,1.75,UA,1700009608
275,ginir,7.1333,40.7,14.12,85,92,1.87,ET,1700009609
276,torbay,47.6666,-52.7314,1.43,80,100,4.02,CA,1700009610
277,te anau,-45.4167,167.7167,10.06,64,100,3.08,NZ,1700009610
278,ambunti,-4.2365,142.8448,32.53,55,33,0.98,PG,1700009611
279,langfang,39.5097,116.6947,5.12,42,100,1.57,CN,1700009612
280,vallenar,-28.5708,-70.7581,15.88,58,16,1.61,CL,1700009612
281,mattru,7.6244,-11.8332,24.1,93,6,0.58,SL,1700009613
282,sabha,27.0377,14.4283,16.98,70,0,3.72,LY,1700009614
283,ambon,-3.6954,128.1814,30.08,66,40,2.06,ID,1700009615
284,ishim,56.1128,69.4902,3.35,82,100,3.58,RU,1700009616
285,aljezur,37.3191,-8.8033,15.86,76,47,3.26,PT,1700009616
286,gamboma,-1.8764,15.8644,21.81,96,100,1.35,CG,1700009617
287,el astillero,43.4009,-3.8205,15.49,97,100,3.6,ES,1700009618
288,lubango,-14.9172,13.4925,18.71,69,100,0.44,AO,1700009618
289,lac du bonnet,50.2536,-96.0612,3.83,71,100,5.65,CA,1700009619
290,goderich,43.7501,-81.7165,5.18,81,100,2.57,CA,1700009619
291,middle island,40.8843,-72.9373,8.94,63,40,2.06,US,1700009620
292,dagda,56.0951,27.5372,1.06,93,100,1.79,LV,1700009621
293,yerbogachen,61.2767,108.0108,-13.51,93,100,4.12,RU,1700009621
294,shizukuishi,39.6833,140.9833,3.43,70,100,0.96,JP,1700009622
295,usinsk,65.9939,57.5281,-3.85,97,100,4.47,RU,1700009623
296,zhigalovo,54.8097,105.1578,-7.76,82,100,4.63,RU,1700009623
297,valparaiso,-33.0393,-71.6273,13.8,67,0,3.6,CL,1700009624
298,nouakchott,18.0858,-15.9785,24.96,28,96,4.68,MR,1700009624
299,marawi,7.9986,124.2928,26.19,69,1,0.56,PH,1700009625
300,mozarlandia,-14.7447,-50.5706,30.47,32,84,1.99,BR,1700009626
301,mount isa,-20.7333,139.5,35.87,30,0,4.12,AU,1700009627
302,lata,40.1629,-8.3327,16.71,96,61,0.89,PT,1700009627
303,salalah,17.0151,54.0924,26.05,78,20,1.03,OM,1700009628
304,havoysund,70.9963,24.6622,1.13,77,100,8.23,NO,1700009629
305,talas,38.6908,35.5538,3.37,100,40,1.03,TR,1700009630
306,monterey,36.2505,-121.2516,17.73,52,100,3.1,US,1700009629
307,fairbanks,64.8378,-147.7164,-3.0,92,100,1.54,US,1700009468
308,lorengau,-2.0226,147.2712,29.28,69,33,2.48,PG,1700009633
309,tateyama,34.9833,139.8667,16.17,76,12,6.27,JP,1700009634
310,camacha,33.0833,-16.3333,18.68,83,40,4.63,PT,1700009634
311,harlingen,26.1906,-97.6961,20.05,84,0,3.6,US,1700009380
312,las margaritas,16.3167,-91.9833,15.68,97,95,2.31,MX,1700009635
313,wasilla,61.5814,-149.4394,-3.42,87,0,2.57,US,1700009636
314,hamilton,39.1834,-84.5333,11.47,49,0,2.06,US,1700009384
315,sanmenxia,34.7747,111.1814,8.62,55,100,2.08,CN,1700009638
316,mitsamiouli,-11.3847,43.2844,27.05,79,66,3.71,KM,1700009639
317,kant,27.8,79.8,16.87,47,4,2.09,IN,1700009639
318,basse,52.5518,9.5069,10.29,93,75,6.17,DE,1700009640
319,havre-saint-pierre,50.2334,-63.5986,-2.0,80,100,3.6,CA,1700009640
320,mbuji-mayi,-6.15,23.6,19.69,96,71,0.76,CD,1700009641
321,kahului,20.8947,-156.47,27.01,61,40,9.77,US,1700009346
322,contamana,-7.3333,-75.0167,24.26,94,100,1.1,PE,1700009643
323,dalvik,65.9702,-18.5286,-2.04,79,29,4.77,IS,1700009645
324,cajaruro,-5.7364,-78.4256,25.49,81,100,1.3,PE,1700009646
325,baruun-urt,46.6806,113.2792,-9.53,86,100,1.24,MN,1700009646
326,trairi,-3.2778,-39.2689,26.77,82,97,4.99,BR,1700009593
327,ordubad,38.9059,46.0234,14.85,65,100,1.0,AZ,1700009648
328,bella union,-30.2752,-57.6007,20.6,97,100,3.48,UY,1700009355
329,bad munstereifel,50.55,6.7667,8.94,86,100,7.39,DE,1700009649
330,terra boa,-23.7681,-52.4442,25.57,63,100,2.67,BR,1700009538
331,tuy hoa,13.0833,109.3,26.25,89,91,3.63,VN,1700009650
332,zyryanka,65.75,150.85,-24.81,89,48,4.68,RU,1700009651
333,ilhabela,-23.7781,-45.3581,24.49,96,84,1.52,BR,1700009651
334,raahe,64.6833,24.4833,-5.58,83,45,3.02,FI,1700009652
335,tymovskoye,50.8456,142.655,-7.49,74,90,1.25,RU,1700009652
336,paramonga,-10.6667,-77.8333,19.46,84,100,4.14,PE,1700009653
337,anadyr,64.75,177.4833,-21.67,83,75,9.0,RU,1700009654
338,sambava,-14.2667,50.1667,23.4,88,34,1.7,MG,1700009654
339,esterhazy,50.65,-102.0843,1.47,75,0,4.76,CA,1700009655
340,lufilufi,-13.8745,-171.5986,33.88,78,97,3.88,WS,1700009656
341,gonzalez,30.5816,-87.2914,14.15,95,100,5.66,US,1700009390
342,timbo,-26.8233,-49.2717,21.99,99,100,0.82,BR,1700009658
343,cockburn town,21.4612,-71.1419,27.79,70,99,8.82,TC,1700009659
344,boksburg,-26.212,28.2596,13.21,89,18,0.89,ZA,1700009660
345,kamenka,51.3223,42.7678,3.32,83,100,4.41,RU,1700009660
346,guerrero negro,27.9769,-114.0611,20.57,57,56,4.21,MX,1700009428
347,gidam,18.9833,81.4,17.48,79,100,1.33,IN,1700009662
348,nemuro,43.3236,145.575,4.24,54,1,4.64,JP,1700009663
349,karratha,-20.7377,116.8463,28.62,32,0,5.55,AU,1700009664
350,saint-paul,-21.0096,55.2707,23.06,94,2,0.45,RE,1700009665
351,naro moru,-0.1676,37.0213,13.12,95,60,1.85,KE,1700009666
352,raudeberg,61.9875,5.1352,4.93,1,100,1.01,NO,1700009667
353,quilmana,-12.95,-76.3833,19.92,83,65,2.0,PE,1700009668
354,nangomba,-10.9,38.5,23.09,90,100,2.65,TZ,1700009669
355,ixtapa,20.7,-105.2,25.04,90,5,0.57,MX,1700009670
356,hibbing,47.4272,-92.9377,6.68,87,0,0.0,US,1700009670
357,chinchani,19.8667,72.7,23.35,56,0,2.26,IN,1700009671
358,saldanha,-33.0117,17.9442,20.03,49,0,3.06,ZA,1700009614
359,vestmanna,62.1564,-7.1664,4.51,81,100,3.09,FO,1700009673
360,hambantota,6.1241,81.1185,24.19,100,40,0.51,LK,1700009673
361,kavieng,-2.5744,150.7967,28.96,69,76,1.9,PG,1700009674
362,lamu,-2.2717,40.902,26.12,83,11,3.68,KE,1700009675
363,chuy,-33.6971,-53.4616,17.08,93,100,3.35,UY,1700009676
364,livingston,55.9029,-3.5226,7.69,99,75,0.0,GB,1700009676
365,acajutla,13.5928,-89.8275,27.2,83,100,1.62,SV,1700009677
366,ayr,55.4627,-4.6339,9.06,93,75,7.2,GB,1700009677
367,tessalit,20.1986,1.0114,22.77,18,0,5.02,ML,1700009678
368,leshukonskoye,64.8989,45.7622,-4.54,95,100,3.76,RU,1700009679
369,sobolevo,54.4299,31.8996,1.96,96,100,1.04,RU,1700009680
370,lasa,46.6166,10.7002,9.49,98,99,3.43,IT,1700009680
371,abu dhabi,24.4667,54.3667,27.19,37,0,2.57,AE,1700009659
372,manta,-0.95,-80.7333,24.02,85,100,6.46,EC,1700009682
373,san ramon,37.7799,-121.978,20.06,58,0,4.12,US,1700009525
374,ikauna,27.55,81.9667,17.33,68,10,1.8,IN,1700009683
375,pullman,46.7313,-117.1796,7.34,85,0,2.57,US,1700009684
376,wabag,-5.4781,143.7021,21.75,56,76,1.66,PG,1700009684
377,kaeo,-35.1,173.7833,22.96,73,0,4.48,NZ,1700009685
378,vila velha,-20.3297,-40.2925,25.97,84,0,7.2,BR,1700009502
379,vao,-22.6667,167.4833,21.45,66,1,7.86,NC,1700009686
380,turtas,58.9417,69.1325,2.62,98,100,4.21,RU,1700009686
381,pemba,-12.974,40.5178,23.98,73,99,6.09,MZ,1700009687
382,mareeba,-17.0,145.4333,29.69,50,92,3.05,AU,1700009687
383,jasper,37.2001,-94.3502,14.69,53,0,0.0,US,1700009686
384,buala,-8.145,159.5921,28.5,72,91,2.51,SB,1700009688
385,batemans bay,-35.7167,150.1833,16.32,91,100,1.37,AU,1700009689
386,kutum,14.2,24.6667,21.8,37,99,6.23,SD,1700009689
387,sulangan,11.1373,123.7228,28.2,77,27,4.98,PH,1700009690
388,saint-louis,16.3333,-15.0,24.8,13,9,4.48,SN,1700009690
389,vesoul,47.5833,5.8333,11.16,91,89,5.56,FR,1700009690
390,aykhal,66.0,111.5,-19.13,100,99,3.78,RU,1700009691
391,aripuana,-9.1667,-60.6333,28.21,57,99,0.36,BR,1700009692
392,verkh-usugli,52.7,115.1667,-7.56,90,100,1.17,RU,1700009693
393,constantine,36.365,6.6147,9.67,66,0,1.54,DZ,1700009693
394,sao felix do xingu,-6.6447,-51.995,27.48,43,5,1.46,BR,1700009693
395,pevek,69.7008,170.3133,-20.22,99,100,5.15,RU,1700009694
396,kefalos,36.7453,26.9589,17.12,67,0,1.54,GR,1700009694
397,emerald,-23.5333,148.1667,33.52,30,7,4.38,AU,1700009695
398,pitimbu,-7.4706,-34.8086,26.33,80,41,4.68,BR,1700009695
399,qaqortoq,60.7167,-46.0333,-5.24,84,27,0.89,GL,1700009696
400,joensuu,62.6012,29.7632,-2.61,79,75,5.14,FI,1700009696
401,port blair,11.6667,92.75,25.02,100,40,0.51,IN,1700009489
402,siparia,10.1333,-61.5,26.57,89,100,4.87,TT,1700009697
403,nanortalik,60.1432,-45.2371,-3.01,83,100,3.19,GL,1700009697
404,san cristobal,7.7669,-72.225,25.1,96,44,1.59,VE,1700009698
405,les cayes,18.2,-73.75,25.91,79,21,1.69,HT,1700009698
406,shirokiy,49.758,129.523,-9.64,94,98,0.91,RU,1700009698
407,saint-jean-de-la-ruelle,47.9113,1.8648,9.95,96,0,5.66,FR,1700009699
408,bira,49.0,132.4667,-5.18,75,5,0.88,RU,1700009700
409,fort collins,40.5853,-105.0844,14.09,24,0,3.09,US,1700009689
410,taltal,-25.4,-70.4833,17.22,73,85,2.15,CL,1700009420
411,xixiang,35.1628,112.865,10.22,47,100,1.09,CN,1700009702
412,dallas,32.7668,-96.7836,18.19,78,20,0.0,US,1700009034
413,vilhena,-12.7406,-60.1458,24.76,58,6,0.56,BR,1700009703
414,kargil,34.5667,76.1,-5.65,52,0,1.06,IN,1700009705
415,lakes entrance,-37.8811,147.981,20.65,61,36,3.36,AU,1700009706
416,northam,51.0333,-4.2167,12.01,83,7,8.86,GB,1700009706
417,pervomayskoye,43.919,46.7102,7.16,69,100,2.13,RU,1700009707
418,shingu,33.7333,135.9833,10.31,83,100,1.61,JP,1700009708
419,kingman,35.1894,-114.053,21.71,32,0,6.17,US,1700009473
420,verkhnevilyuysk,63.4453,120.3167,-7.2,91,100,4.0,RU,1700009710
421,petropavlovsk-kamchatskiy,53.0452,158.6483,-6.42,71,0,5.81,RU,1700009575
422,narsaq,60.9167,-46.05,7.12,80,69,1.52,GL,1700009712
423,uige,-7.6087,15.0613,19.41,95,100,0.93,AO,1700009713
424,yar-sale,66.8333,70.8333,-7.49,96,100,3.2,RU,1700009713
425,roald,62.5833,6.1333,2.09,93,100,1.03,NO,1700009714
426,buraydah,26.326,43.975,20.25,55,100,4.85,SA,1700009715
427,mulege,26.8833,-111.9833,21.85,56,45,1.74,MX,1700009716
428,turukhansk,65.8167,87.9833,-11.17,65,100,7.6,RU,1700009716
429,lesnoye,58.2841,35.5158,-2.2,97,90,1.43,RU,1700009717
430,shenkursk,62.1091,42.896,-3.43,95,100,3.33,RU,1700009718
431,abilene,32.4487,-99.7331,17.12,46,0,2.57,US,1700009615
432,mujiayingzi,42.1167,118.7833,-0.08,63,55,2.37,CN,1700009720
433,horta,38.5333,-28.6333,19.84,92,100,10.29,PT,1700009721
434,mola di bari,41.0609,17.0873,19.62,73,17,4.03,IT,1700009722
435,krasnoborsk,61.5598,45.934,0.12,97,99,0.87,RU,1700009493
436,charters towers,-20.1,146.2667,32.17,25,0,3.98,AU,1700009723
437,lisakovsk,52.5369,62.4936,4.24,61,100,9.32,KZ,1700009724
438,burgos,42.3394,-3.7079,12.23,94,100,4.12,ES,1700009725
439,cordoba,-31.4135,-64.1811,20.14,59,0,4.63,AR,1700009725
440,winnemucca,40.973,-117.7357,11.61,29,6,1.47,US,1700009726
441,kyshtovka,56.555,76.6271,2.41,79,100,4.92,RU,1700009727
442,kilrush,52.6397,-9.4833,7.86,75,83,8.55,IE,1700009728
443,deputatskiy,69.3,139.9,-19.44,97,96,2.52,RU,1700009729
444,vila franca do campo,37.7167,-25.4333,20.23,99,100,5.74,PT,1700009730
445,sitka,57.0531,-135.33,6.94,70,100,9.26,US,1700009731
446,tucuman,-26.8241,-65.2226,22.0,68,100,1.03,AR,1700009732
447,namatanai,-3.6667,152.4333,29.38,64,13,3.34,PG,1700009732
448,saint anthony,45.0205,-93.218,17.23,47,0,7.2,US,1700009733
449,luau,-10.7073,22.2247,17.95,97,89,1.41,AO,1700009734
450,dudinka,69.4058,86.1778,-12.43,78,100,9.62,RU,1700009735
451,vanimo,-2.6741,141.3028,29.09,73,27,2.16,PG,1700009736
452,matamoros,25.5333,-103.25,18.39,73,82,2.09,MX,1700009739
453,asau,46.4333,26.4,11.51,82,100,2.23,RO,1700009739
454,tucurui,-3.7661,-49.6725,27.57,51,2,0.88,BR,1700009487
455,sokol,59.4617,40.1206,0.27,97,100,2.81,RU,1700009740
456,stornoway,58.2093,-6.3865,7.98,89,75,3.6,GB,1700009741
457,gucheng,35.9115,111.3192,8.71,41,100,0.94,CN,1700009742
458,zhangye,38.9342,100.4517,-0.8,49,100,3.61,CN,1700009743
459,ngunguru,-35.6167,174.5,19.2,67,25,3.79,NZ,1700009744
460,arcata,40.8665,-124.0828,16.07,88,100,2.06,US,1700009744
461,dunmore town,25.5,-76.65,25.66,74,98,13.22,BS,1700009745
462,trat,12.5,102.5,26.11,88,100,4.19,TH,1700009745
463,pamyat parizhskoy kommuny,56.1048,44.4952,2.97,87,78,3.97,RU,1700009746
464,moranbah,-22.0016,148.0466,32.44,22,0,1.65,AU,1700009747
465,vardo,70.3705,31.1107,-1.01,86,20,9.26,NO,1700009747
466,burgeo,47.6167,-57.6152,0.87,74,100,3.72,CA,1700009748
467,lagos,6.5833,3.75,25.56,90,100,1.9,NG,1700009701
468,saint-georges,12.0564,-61.7485,27.82,83,20,6.69,GD,1700009749
469,sola,-13.8833,167.55,25.39,73,88,5.88,VU,1700009749
470,yinchuan,38.4681,106.2731,3.12,47,95,5.41,CN,1700009710
471,meulaboh,4.1363,96.1285,25.34,88,85,1.19,ID,1700009751
472,crowthorne,51.3703,-0.7922,9.98,78,75,6.69,GB,1700009752
473,manyava,48.6554,24.3754,7.75,81,100,3.76,UA,1700009752
474,waingapu,-9.6567,120.2641,29.85,65,28,0.88,ID,1700009753
475,atasu,48.6814,71.6433,1.11,71,0,3.96,KZ,1700009754
476,asyut,27.181,31.1837,19.2,59,0,3.97,EG,1700009754
477,aksarka,66.5606,67.7975,-9.2,96,100,2.78,RU,1700009755
478,san juan chamelco,15.4333,-90.3333,17.45,100,100,0.0,GT,1700009755
479,raposa,-6.5167,-44.1833,26.74,45,77,0.79,BR,1700009756
480,kingston,17.997,-76.7936,29.53,78,20,8.23,JM,1700009258
481,dong hoi,17.4833,106.6,20.63,92,100,5.06,VN,1700009757
482,najran,17.4924,44.1277,17.36,46,75,0.64,SA,1700009757
483,whitefish,48.4111,-114.3376,3.86,68,0,5.14,US,1700009600
484,bathsheba,13.2167,-59.5167,27.34,83,40,7.72,BB,1700009758
485,grindavik,63.8424,-22.4338,6.26,65,0,6.17,IS,1700009759
486,colares,38.7992,-9.4469,17.41,93,7,4.02,PT,1700009759
487,sorland,67.667,12.6934,2.92,59,21,5.76,NO,1700009760
488,kyra,49.5776,111.9753,-6.33,86,100,2.05,RU,1700009761
489,hay river,60.8156,-115.7999,-6.01,86,100,5.66,CA,1700009762
490,ongole,15.5,80.05,22.81,82,100,3.39,IN,1700009763
491,ajdabiya,30.7554,20.2263,18.12,79,0,2.05,LY,1700009634
492,port macquarie,-31.4333,152.9167,24.21,72,100,2.11,AU,1700009765
493,leningradskiy,69.3833,178.4167,-21.09,88,44,3.85,RU,1700009766
494,birao,10.2849,22.7882,24.83,61,94,2.29,CF,1700009766
495,lucea,18.451,-78.1736,28.92,78,100,3.42,JM,1700009767
496,olafsvik,64.8945,-23.7142,5.65,67,100,5.16,IS,1700009768
497,inongo,-1.95,18.2667,21.15,98,100,2.02,CD,1700009769
498,plettenberg bay,-34.0527,23.3716,17.67,61,100,2.99,ZA,1700009770
499,lae,-6.7221,146.9847,29.37,69,70,2.98,PG,1700009771
500,westport,41.1415,-73.3579,8.51,67,0,1.34,US,1700009744
501,kununurra,-15.7667,128.7333,32.99,55,100,2.06,AU,1700009773
502,itupiranga,-5.1347,-49.3267,28.18,53,80,0.36,BR,1700009774
503,sur,22.5667,59.5289,23.33,61,100,1.53,OM,1700009775
504,awbari,26.5921,12.7805,16.67,61,0,2.77,LY,1700009775
505,kimbe,-5.5502,150.1429,33.02,51,47,0.99,PG,1700009777
506,kang,-23.6752,22.7876,20.72,60,26,7.78,BW,1700009777
507,la fria,8.2203,-72.2439,30.06,90,53,2.17,VE,1700009778
508,san policarpo,12.1791,125.5072,28.2,81,53,6.82,PH,1700009779
509,kabompo,-13.5927,24.2008,19.49,81,100,0.85,ZM,1700009779
510,naze,28.3667,129.4833,18.51,62,99,5.53,JP,1700009780
511,mtwara,-10.2667,40.1833,24.84,88,95,4.76,TZ,1700009781
512,zaozerne,45.1582,33.2787,14.34,87,100,5.5,UA,1700009781
513,jablah,35.3614,35.9256,15.16,88,20,2.57,SY,1700009782
514,kysyl-syr,63.8986,122.7617,-12.25,96,100,2.68,RU,1700009783
515,chunoyar,57.4467,97.3217,-12.37,99,100,1.53,RU,1700009784
516,jalu,29.0331,21.5482,16.75,77,0,4.02,LY,1700009784
517,la victoria,10.2184,-67.3302,22.86,88,99,1.75,VE,1700009785
518,constitucion,-35.3333,-72.4167,9.78,75,100,6.71,CL,1700009786
519,cidreira,-30.1811,-50.2056,20.27,93,100,3.57,BR,1700009787
520,kerman,30.2832,57.0788,4.92,45,0,2.06,IR,1700009788
521,norman,35.2226,-97.4395,16.18,45,0,2.57,US,1700009336
522,isnos,1.9356,-76.2406,15.32,98,41,1.56,CO,1700009789
523,broome,42.2506,-75.833,2.34,79,0,2.57,US,1700009790
524,reyes,-14.3167,-67.3833,29.58,57,67,2.12,BO,1700009791
525,kachug,53.9606,105.8817,-8.13,75,92,5.52,RU,1700009792
526,puerto del rosario,28.5004,-13.8627,21.86,64,0,3.09,ES,1700009792
527,juruti,-2.1522,-56.0922,28.14,45,43,1.12,BR,1700009793
528,rocha,-34.4833,-54.3333,13.5,97,0,2.38,UY,1700009775
529,uusikaupunki,60.8004,21.4084,-1.72,84,100,3.09,FI,1700009795
530,wagar,16.1525,36.2032,26.56,65,12,4.91,SD,1700009795
531,carbondale,37.7273,-89.2168,9.16,61,0,2.57,US,1700009746
532,bilibino,68.0546,166.4372,-24.11,99,100,0.38,RU,1700009797
533,nuuk,64.1835,-51.7216,-7.28,78,100,3.62,GL,1700009797
534,buluang,13.3068,123.3425,28.48,77,96,3.23,PH,1700009798
535,ouesso,1.6136,16.0517,21.07,95,100,0.36,CG,1700009799
536,ballina,-28.8667,153.5667,28.04,61,86,4.59,AU,1700009800
537,wencheng,33.0559,113.7978,9.88,68,89,0.77,CN,1700009801
538,rexburg,43.826,-111.7897,10.73,34,23,2.53,US,1700009603
539,nueva loja,0.0847,-76.8828,23.22,96,91,0.42,EC,1700009803
540,dicabisagan,17.0818,122.4157,25.52,84,92,5.46,PH,1700009804
541,snasa,64.2457,12.3778,-4.33,73,90,2.41,NO,1700009804
542,antalaha,-14.9003,50.2788,22.33,91,3,1.86,MG,1700009805
543,acapulco,16.8634,-99.8901,27.55,82,6,3.03,MX,1700009806
544,padang,-0.9492,100.3543,25.03,85,45,0.1,ID,1700009807
545,diffa,13.3154,12.6113,28.92,22,100,7.82,NE,1700009807
546,onega,63.9061,38.1404,-3.03,87,59,3.49,RU,1700009808
547,paciran,-6.8767,112.3761,29.16,71,85,2.07,ID,1700009809
548,muisne,0.6,-80.0333,25.63,83,100,4.73,EC,1700009809
549,bodden town,19.2833,-81.25,28.29,90,20,3.09,KY,1700009810
550,roma,43.2128,-75.4557,4.42,89,100,2.06,US,1700009810
551,beisfjord,68.3751,17.5988,-6.16,90,16,2.26,NO,1700009811
552,palembang,-2.9167,104.7458,25.05,94,40,1.03,ID,1700009811
553,oranjemund,-28.55,16.4333,17.85,72,5,3.5,NA,1700009723
554,novoagansk,61.9449,76.6625,1.69,98,100,6.67,RU,1700009812
555,port moresby,-9.4431,147.1797,29.68,66,20,1.54,PG,1700009813
556,coquimbo,-29.9533,-71.3436,14.85,82,75,3.09,CL,1700009596
557,mumford,5.2618,-0.759,26.59,86,12,2.57,GH,1700009814
558,cap malheureux,-19.9842,57.6142,23.04,87,50,1.79,MU,1700009814
559,tual,-5.6667,132.75,27.8,71,0,2.95,ID,1700009815
560,micomeseng,2.1462,10.6164,21.58,97,100,0.78,GQ,1700009815
561,soe,-9.8607,124.284,28.93,41,14,1.42,ID,1700009815
562,luena,-11.7833,19.9167,17.05,90,95,1.63,AO,1700009816
563,saint-augustin,51.226,-58.6502,-2.7,84,99,1.71,CA,1700009817
564,krasnovishersk,60.4078,57.082,1.93,96,100,2.09,RU,1700009818
565,talara,-4.5772,-81.2719,21.42,83,40,6.17,PE,1700009646
566,rantepao,-2.9701,119.8978,28.06,57,66,1.12,ID,1700009818
567,tsumeb,-19.2333,17.7167,25.77,42,99,1.12,NA,1700009819
568,iquitos,-3.7481,-73.2472,26.02,83,100,2.06,PE,1700009820
569,wahpeton,46.2652,-96.6059,8.29,70,0,5.14,US,1700009820
570,yumaguzino,52.9041,56.3933,3.7,96,100,3.91,RU,1700009821
571,dinagat,9.9561,125.5933,29.23,70,8,5.44,PH,1700009822
572,khlung,12.4547,102.2214,26.18,81,68,3.95,TH,1700009823
573,puerto carreno,6.189,-67.4859,27.85,75,15,1.81,CO,1700009823
574,luwuk,-0.9516,122.7875,30.6,66,79,1.41,ID,1700009824
575,sampit,-2.5333,112.95,29.31,73,100,1.25,ID,1700009825
576,malakal,9.5334,31.6605,25.37,76,73,0.97,SS,1700009826
577,victor harbor,-35.5667,138.6167,21.49,70,74,0.89,AU,1700009826
578,harwich,51.9419,1.2844,9.24,81,100,1.34,GB,1700009827
579,wattegama,6.7989,81.4808,23.39,96,88,1.61,LK,1700009828
580,karpogory,64.0019,44.4451,-4.54,96,100,3.12,RU,1700009828
581,seidu,9.0167,-10.6,21.0,58,23,0.28,SL,1700009829
582,semnan,35.5729,53.3971,12.52,38,62,1.69,IR,1700009829
